Added sugar,
Salt,
Disaccharide,
Sugar,
Water,
Oil and fat,
Flavouring,
Vegetable oil and fat,
Dairy,
Cereal,
Vegetable,
Fruit,
Flour,
Monosaccharide,
Wheat,
Root vegetable,
Vegetable oil,
Starch,
Glucose,
Milk,
Cereal flour,
Natural flavouring,
Condiment,
Spice,
Emulsifier,
Wheat flour,
Herb,
Sunflower oil,
Colour,
Cocoa,
Acid,
Preservative,
Seed,
Plant,
Onion,
Antioxidant,
Dextrose,
Milk powder,
Fruit juice,
Egg,
Thickener,
Yeast,
Stabiliser,
Garlic,
Glucose syrup,
Rapeseed oil,
Animal,
Protein,
Corn starch,
Cocoa butter,
Tomato,
Nut,
Palm oil and fat,
Pepper,
Cocoa paste,
Modified starch,
Soya lecithin,
Meat,
Rice,
Vinegar,
Skimmed milk powder,
Acidity regulator,
Raising agent,
Cream,
Fat,
Pork,
Lemon juice,
Malt,
Ferment,
Potato starch,
Colza oil,
Tree nut,
Corn,
Sea salt,
Legume,
Pork meat,
Cocoa powder,
Carrot,
Palm oil,
Lactose,
Soya,
Animal protein,
Citrus fruit,
Butter,
Apple,
Milk proteins,
Berries,
Chocolate,
Fructose,
Malted barley,
Whole milk powder,
Cheese,
Cane sugar,
Olive oil,
Fish,
Microbial culture,
Maltodextrind,
Lactic ferments,
Whey,
Milkfat,
Enzyme,
Parsley,
Glucose-fructose syrup,
Mustard,
Potato,
Fat reduced cocoa powder,
Vanilla flavouring,
Alcohol,
Rice flour,
Gluten,
Vegetable fat,
Gelling agent,
Bell pepper,
Minerals,
Coagulating enzyme,
Orange,
Whole milk,
Yeast extract,
Plant protein,
Oat,
Concentrated lemon juice,
Butterfat,
Chili pepper,
Modified corn starch,
Rennet,
Honey,
Hazelnut,
Natural vanilla flavouring,
Skimmed milk,
Flavour enhancer,
Virgin olive oil,
Almond,
Palm fat,
Black pepper,
Poultry,
Grape,
Mustard seed,
Extra virgin olive oil,
Sugar syrup,
Celery,
Sweetener,
Vanilla,
Sunflower lecithin,
Tomato purée,
Fiber,
Barley,
Soya bean,
Sunflower,
Durum wheat,
Semolina,
Vegetable fiber,
Coconut,
Invert sugar,
Spice extract,
Wheat gluten,
Durum wheat semolina,
Beef,
Lemon,
Wheat starch,
Egg white,
Basil,
Thyme,
Wholemeal flour,
Barley malt extract,
Tapioca,
Yogurt,
Paprika,
Iodised salt,
Egg yolk,
Animal fat,
Hops,
Coriander,
Carob seeds,
Oily fish,
Rice starch,
Invert sugar syrup,
Whey powder,
Hydrolysed vegetable protein,
Coconut oil,
Purée,
Raspberry,
Corn flour,
Oat flakes,
Carob seed flour,
Glazing agent,
Dough,
Wine,
Alcohol vinegar,
Peanut,
Palm,
Sauce,
Soy protein,
Unrefined sugar,
Thiamin,
Cow's milk,
Cinnamon,
Chicken,
Unrefined cane sugar,
Turmeric,
Tomato concentrate,
Wine vinegar,
Orange juice,
Sesame,
Pasteurised milk,
Mango,
Vanilla extract,
Beef meat,
Coating,
Iron,
Spirit vinegar,
Whole egg,
Folate,
Folic acid,
Oregano,
Mushroom,
Mineral water,
Rosemary,
Sulfite,
Apple juice,
Modified potato starch,
Garlic powder,
Strawberry,
Fresh cream,
Nutmeg,
Soya flour,
Fresh egg,
Ginger,
Whole wheat flour,
Peach,
Rapeseed,
Spice or bell pepper,
Milk chocolate,
White wine,
Smoke,
Baker's yeast,
Sodium,
Leek,
Pineapple,
Broth,
Blueberry,
Condensed milk,
Red bell pepper,
White pepper,
Sunflower seed,
Natural lemon flavouring,
Rye,
Chicken meat,
Lactose and milk proteins,
Humectant,
Pork fat,
Shallot,
Bacon,
Natural mineral water,
Cumin,
Shellfish,
Tea,
Fat reduced cocoa,
Semi-skimmed milk,
Rye flour,
Clove,
Pear,
Sodium citrate,
Flour treatment agent,
Carbonated water,
Banana,
Anti-caking agent,
Coffee,
Pea,
Cornmeal,
Chocolate powder,
Ham,
Courgette,
Palm kernel oil and fat,
Margarine,
Breadcrumbs,
Blackcurrant,
Chopped tomatoes,
Champignon,
Vanillin,
Shea butter,
Tomato powder,
Beetroot,
White fish,
Agave syrup,
Olive,
Spinach,
Fruit pectin,
Flax,
Pantothenic Acid,
Chives,
Brown rice,
Bay leaf,
Modified tapioca starch,
Smoke flavouring,
Raisin,
Malted wheat flour,
Palm kernel oil,
Tuna,
Filling,
Vegetarian rennet,
Tomato juice,
Dill,
Salmon,
Microbial rennet,
Sucrose,
Concentrated apple juice,
Salad,
Apricot,
Sesame seeds,
Orange zest,
Cashew nuts,
Pumpkin,
Dijon mustard,
Soy sauce,
Raw milk,
Cucumber,
Safflower,
Sweet whey,
Blackberry,
Barley flour,
Nutmeg nut,
Marjoram,
Raspberry puree,
Chocolate chunk,
Must,
Poultry fat,
Fennel,
Powdered egg white,
Dark chocolate,
Caramelised sugar,
Mollusc,
Flax seed,
Mint,
Fresh milk,
Sourdough,
Grape sugar,
Mango puree,
Elder,
Emulsifying salts,
Fresh whole milk,
Beech wood smoke,
Double concentrated tomato,
Sweet whey powder,
Reconstituted skimmed milk,
Lentils,
Condensed skimmed milk,
Natural orange flavouring,
Crustacean,
Turkey,
Emmental,
Wheat malt,
Syrup,
Anchovy,
Wheat bran,
Passionfruit,
Pumpkin seed,
Oil,
Atlantic salmon,
Hazelnut paste,
Atlantic herring,
Duck,
Casing,
Apple fiber,
Cholecalciferol,
Wheat flakes,
Black tea,
Turkey meat,
Pork breast,
Green bean,
White wine vinegar,
Molasses,
Chickpea,
Green peas,
Lime juice,
Liquorice,
Wheat protein,
Wheat glucose syrup,
Wholemeal rye flour,
Breast,
Bulking agent,
Pasteurised whole milk,
Brown sugar,
Spirulina,
Aubergine,
Cheese powder,
Herring,
Raw cow's milk,
Natural raspberry flavouring,
Green olive,
Cherry,
Walnut,
Pineapple juice,
Lard,
Potato powder,
Curry,
Soya oil,
Chicken egg,
Raspberry juice,
Zinc,
Buckwheat,
Pasteurised cow's milk,
Vegetable juice,
Caramel syrup,
Whey product,
Wheat fiber,
Dehydrated onion,
Biotin,
High oleic sunflower oil,
Dehydrated glucose syrup,
Herring fillet,
Red chili pepper,
Pasta,
Baking powder,
Garden peas,
Alaska pollock,
Whey protein,
Corn syrup,
Herb extract,
Chicken fat,
Pea protein,
Corn flakes,
Green lentils,
Potato flakes,
Whole powdered egg,
Fruit concentrate,
Cranberry,
Concentrated agave syrup,
Pork gelatin,
Coagulant,
Mozzarella,
Cod,
Whole yogurt,
Lemongrass,
Red beetroot,
Gum base,
Glaze,
Juice,
Green bell pepper,
Chicory,
Green pepper,
Coconut flakes,
Cooking water,
Wheat flour type Bread,
Pork liver,
Mild yogurt,
Cabbage,
Concentrated grape must,
Grapefruit,
Lardon,
Rice syrup,
Milk fat substitute,
Strawberry puree,
Cayenne pepper,
Biscuit,
Grape juice,
Calcium,
Animal-based rennet,
Pyridoxine hydrochloride,
Tomato pulp,
Egg powder,
Red fruits,
Oat flour,
Pork rind,
Cheddar,
Essential oil,
Acerola,
Savory,
Capers,
Edam,
Caraway,
Caffeine,
Black olive,
Apple puree,
Melted cheese,
Icing sugar,
Fruit extract,
Parsnip,
Natural pepper flavouring,
Cyanocobalamin,
Aniseed,
Malt extract,
Cardamom,
Herbes de Provence,
Coconut milk,
Cocoa solids,
Cooked rice,
Natural vanilla extract,
Hop extract,
Buckwheat flour,
Sheeps casing,
Inulin,
Fructose syrup,
Duck liver,
Redcurrant,
Smoked lardoons,
Mackerel fillet,
Grapefruit juice,
Poultry skin,
Lactic and aging ferments,
Spelt,
Malted wholemeal rye flour,
Corn dextrose,
Paprika powder,
Lemon extract,
Beef fat,
Wheat dextrose,
Chestnut,
Reconstituted lime juice,
Radish,
Whipped cream,
Sage,
Bourbon vanilla,
Vanilla pod,
Lemon oil,
Thiamin mononitrate,
Crushed tomato,
Noodle,
Kiwi,
Grana Padano,
Tamarind,
Fromage blanc,
Sherry vinegar,
Deactivated yeast,
Roselle flower,
Baked onion,
Milk minerals,
Lovage,
Cherry tomato,
Fleur de sel,
Concentrated tomato purée,
Sweetcorn,
Wheat germ,
Parboiled rice,
Wholemeal cereal,
Tofu,
Mackerel,
Veal,
Cow cheese,
Firming agent,
Date,
Asparagus,
Crushed peeled tomato,
Guava,
Poultry meat,
Table vinegar,
Free range eggs,
Tea extract,
Elderberry,
Peach puree,
Coriander leaf,
Pork by-product,
Barley malt flour,
Concentrated orange juice,
Iodine,
Lime,
Nigari,
Natural colours,
Pine nuts,
Refined sunflower oil,
Sweetened condensed milk,
Brown sugar syrup,
Quark,
Fruit juice concentrate,
Goat milk,
Collagen,
Lemon peel,
Special bread,
Wholemeal oat,
Celery seed,
Hydrogenated oil,
Natural sheep casing,
Corn oil,
Ferric diphosphate,
Hydrogenated vegetable oil,
Single cream,
Chokeberry,
Brewer's yeast,
Concentrated carrot juice,
Concentrated plant colour,
Wheat sourdough,
UHT pasteurised milk,
Balsamic vinegar,
Yellow bell pepper,
Black carrot,
Mint flavouring,
Filtered water,
Gherkin,
Boiled egg,
Smoked bacon,
Sweet potato,
Vegetable margarine,
Brown flax seeds,
Xanthan gum and guar gum,
Rapeseed lecithin,
Non-hydrogenated sunflower oil,
Roasted peanuts,
Bone,
Plum,
Liqueur wine,
Strawberry juice,
Pure vanilla extract,
Bourbon vanilla extract,
Aromatic caramel,
Garlic puree,
Dry roasted almonds,
Mayonnaise,
Deodorized sunflower oil,
Shrimp,
Pomace brandy,
Liquorice extract,
Red wine vinegar,
Superior cooked ham,
Extract,
Pork fillet,
Chickpea flour,
Allspice,
Hydrolysed pea protein,
White beans,
Potato protein,
White chocolate,
Enhancer,
Teuthida,
Duck foie gras,
Sardine,
Unrefined sea salt,
Carbonated natural mineral water,
Plantain,
Vegetable broth,
Carrot juice,
Wheat glucose-fructose syrup,
Pasteurized skimmed milk,
Artificial flavouring,
Melon,
Milk solids,
Psyllium,
Lemon powder,
Broad bean flour,
Reduced iron,
Acacia honey,
Buttermilk,
Albacore,
Dehydrated soy protein,
Veal meat,
Cocoa butter substitute,
Port,
Ginger powder,
Hydrolysed proteins,
Blend of honeys,
Cooked ham,
Pork collagen,
Potassium iodide,
Orange extract,
Red wine,
Armagnac,
Green tea,
Rooibos,
Lettuce,
Shiitake,
Parmigiano reggiano,
Grape must,
Brazil nut,
Rice semolina,
Long grain rice,
Hot chili peppers,
Pear juice,
Concentrated purée,
Egg yolk powder,
Peppermint,
Sterilised milk,
Canola oil,
Potato flour,
Squid,
Rice bran,
Sour cream,
Cracked black pepper,
Brandy,
Natural mint flavouring,
Cornflower,
Chia,
Whole grain oat flakes,
Long grain parboiled rice,
Algae,
Rye malt,
Beans,
Star anise,
UHT pasteurised whole milk,
Ricotta,
Palm kernel fat,
Tarragon,
White cabbage,
Cep,
Bifidus,
Natural basil flavouring,
Pork loin,
Fig,
Duck fat,
Sodium chloride,
Liquid smoke,
Atlantic cod,
Chicken skin,
Fruit and plant concentrates,
Couscous,
Zinc gluconate,
Sugarcane,
Milk mineral concentrate,
Watermelon,
Poultry broth,
Tomato sauce,
Cognac,
Soy milk,
Ground hazelnuts,
Turmeric powder,
Pepper extract,
Brown rice syrup,
Unsalted butter,
Basmati rice,
Plant concentrate,
Fried onion,
Salami,
Millet,
Neapolitan wafer,
Mixed condiments,
Chard,
Totally hydrogenated palm fat,
Chicken protein,
Mustard oil,
Mountain honey,
Yellowfin tuna,
Modified wheat starch,
Rum,
Grated emmental cheese,
Mallow,
Chromium,
Lychee,
Dried fruits,
Oyster mushroom,
Light cream,
Spring water,
Pork sausage,
Red beans,
Marc de Champagne,
Wholemeal rye,
Spirulina concentrate,
Sheeps milk,
Rusk,
Exhausted ground vanilla pod,
Palm olein,
Red beetroot juice,
Plant extracts,
Butter flavouring,
Black carrot juice,
Flavouring preparation,
White asparagus,
Buffalo milk,
Fennel seed,
Thiamin hydrochloride,
Wholemeal oat flour,
Hard-boiled egg,
Magnesium,
Fortified wheat flour,
Chick egg white or protein,
Papaya,
Pre fried onions,
Exhausted vanilla pod,
Sugar beet fibre,
Ground almonds,
Nibbed and ground hazelnuts,
Pink peppercorn,
Cereal crispies,
Thai rice,
Corn kernel,
Brine,
Small white onions,
Millet flour,
Natural flavor of turmeric,
Camomile,
Beetroot juice,
Pasteurized semi-skimmed milk,
Elderberry extract,
Aloe vera,
Beetroot juice concentrate,
Skimmed milk yogurt powder,
Lupin flour,
Cider vinegar,
Mace,
Beer,
Corn maltodextrin,
Carrot extract,
Pea fiber,
Cane invert syrup,
Celeriac,
White grape,
Chicken broth,
Blend of EU and non-EU honeys,
Quinoa,
Chicken breast,
Ground coffee,
Chicken liver,
Apple extract,
Jalapeno pepper,
Pea starch,
Natural blackcurrant flavouring,
Whole liquid pasteurised egg,
Caramelised sugar syrup,
Pasteurized crème fraîche,
Guava puree,
Dried apple,
Soy base,
Sweet paprika,
Welsh onion,
Juniper berry,
High fructose corn syrup,
Mashed potato,
Red lentils,
Yeast extract powder,
Beef broth,
Salted butter,
Natural apple flavouring,
Natural oregano flavouring,
Skipjack tuna,
Liquid egg white,
Modified rice starch,
Rehydrated soy protein,
Prune,
Calvados,
Microbial coagulating enzyme,
Semi-whole durum wheat semolina,
Whole wheat flakes,
Clementine,
Lobster,
Potassium,
Fruits preparation,
Menthol,
Goat cheese,
Bechamel sauce,
Cinnamon powder,
Concentrated pineapple juice,
Sugar beet syrup,
Marinade,
Free range chicken eggs,
Dried apricots,
Dried garlic,
Celery powder,
Nectarine,
Chocolate filling,
Orange essential oil,
Maltose,
Whole durum wheat semolina,
Chili puree,
Beet sugar,
Chocolate cream,
Fruit preservative,
Red onion,
Apricot kernels,
Corinthian raisins,
Gluten free oats,
Chicken egg white,
Duck meat,
Pasteurised goat milk,
Cottonseed oil,
Acacia fibre,
Cereals containing gluten,
Pork shoulder,
Chicken thigh,
Citrus flavouring,
Ketchup,
Cooked potato,
Chia seed,
Soy sauce powder,
Quinine,
Passion fruit juice,
Lupin bean,
Soy preparation,
Concentrated whey protein,
Atlantic mackerel,
Natural lime flavouring,
Tapioca flour,
Canola,
Pureed green bean,
Beef gelatin,
Fruit vinegar,
Pineapple segments,
Coconut milk powder,
Natural citrus flavouring,
Mixed spices,
Poppy,
Rose petals,
Juniper,
Pork bone,
Zinc sulfate,
Instant coffee,
Puffed rice,
Strawberry juice concentrate,
Hydrogenated vegetable fat,
Smoked salt,
Skim milk and pasteurized cream,
Horse,
Selenium,
Marigold,
Caramel flavouring,
Slippery jack,
Ginseng,
Citrus fruit extract,
Natural tarragon flavouring,
Kvass wort,
Beef collagen,
Hydrogenated palm oil,
Burnet,
Kefir,
Pink salmon,
Natural cocoa flavouring,
Feta,
Marc de Bourgogne,
Almond flour,
Syrah,
Sifted tomato,
Hydrogenated fat,
Garlic extract,
Finegrained salt,
Algae extract,
Dried vegetables,
Beef extract,
Crocant,
Pholiota,
Broad bean,
Bran,
Arabica coffee,
Dried fig,
Cod liver,
Egg protein,
Bolognese sauce,
Chicory root,
Peanut flour,
Brown cane sugar,
Apple pieces,
Concentrated raspberry juice,
Mascarpone,
Vegetable blend,
Vanilla powder,
Bitter almond,
Cured cheese,
Sesame paste,
American lobster,
Wakame,
Lime juice concentrate,
Traditional free-range chicken,
Fresh onions,
Sorghum,
Black tea extract,
Stuffed pasta,
Black beans,
Rabbit meat,
Brown beans,
Broccoli,
Skimmed cows milk,
Autolyzed yeast extract,
Cardamom seed,
Mature cheddar,
European anchovy,
Smoked cooked lardoons,
Natural spice flavouring,
Phylloquinone,
Soy protein isolate,
Surimi,
Propellent gas,
Forest honey,
Deep-sea shrimp,
Ground roasted coffee,
Crab,
Lactose-free milk,
Chum salmon,
Dog rose,
Gingerbread,
Onion flavouring,
Textured wheat protein,
Shortcrust dough,
Chinese hibiscus,
Turkey breast,
65-ml,*
Ananas flavouring,
Whole cow's milk,
Whole grain amaranth flour,
Yellow corn,
Whole wheat,
Wholemeal rye groats,
Cooked carrot,
Cheese sauce,
Meat patty,
DL-alpha tocopheryl acetate,
Calf rennet,
Millet seed,
Sea-buckthorn,
Turnip-rape,
Skimmed cocoa powder,
Linden,
Extruded rice,
Meadowsweet,
Sour cream powder,
Roasted coffee,
Rock salt,
Flower honey,
Espelette chili pepper,
Filtered whey powder,
Concentrated mushroom juice,
Fond,
Crudités,
White grape juice,
Habanero chili,
Zinc oxide,
Cauliflower,
Eau de vie,
Whole grain spelt flakes,
Kirsch,
Pear puree,
Rabbit,
Sugared cranberries,
Mung bean sprout,
Crêpe,
Tapioca syrup,
Rocket,
Verbena,
Soluble fibre,
Corn salad,
Sweetmint,
Lime flavouring,
Sultana,
Cane sugar syrup,
Cane sugar molasses,
Ravioli,
Rambutan,
Blue cheese,
Wheat semolina,
Glutinous rice,
Ice cream,
Comté,
Ceylon cinnamon,
Spinach powder,
Rose hip,
Fenugreek leaf,
Barley flakes,
Very fine green beans,
Vanilla ice cream,
Coconut chips,
Melted Emmental cheese,
Whey permeate,
Dried fenugreek leaf,
Pearl barley,
Müesli,
Forest mushroom,
Whole spelt,
Semi-skimmed cow's milk,
Duck gizzard,
Cocoa processed with alkali,
Quail,
Bamboo,
Blanches almonds,
Fish gelatine,
Chicken flavouring,
Water chestnut,
Whisky,
Dandelion,
Vanilla seeds,
Mandarin juice,
European hake,
Oligofructose,
Snail,
Butter natural flavouring,
Hemp seed,
Poultry liver,
Malted wheat flakes,
Cheese flavouring,
Lime oil,
Pork belly,
Wheat cakes,
Barley malt syrup,
Garam masala,
Citrus fibre,
Puffed cereal,
Lovage root,
Strawberry flavouring,
Mild whole kefir,
Mate,
Green asparagus,
Manganese,
Acerola juice,
Thaï brown rice,
Sweet cherry,
Fresh butter,
Whole almonds,
Lavender,
Brown rice flour,
Rehydrated onion,
Cooked green lentils,
Split pea,
White seedless grape,
Natural yeast,
Rehydrated egg white,
Fruit puree,
Flaked almonds,
08-naringsvarde,*
Humboldt squid,
Rosé wine,
NFree range egg yolk,
Shea oil,
Natural spice extract,
Oat fibre,
Peanut paste,
Celery leaves,
Cooked chickpeas,
Free range chicken egg yolk,
Chromium nicotinate,
Hake,
Chocolate ice cream,
Hazelnut oil,
Coriander seed,
Concentrated lemon extract,
Liquid sugar,
Sorrel,
Retinyl palmitate,
Glacé cherry,
Sour cherry,
Celtic sea salt,
Rose water,
Scallop,
Beef bones,
Spiny lobster,
Chicken egg yolk,
Chestnut flour,
Orange blossom honey,
White balsamic vinegar,
Powdered almonds,
68-77-f,*
Apple flavouring,
Linden honey,
Varietal,
Frying oil,
Whole sheep milk,
Anchovy filets,
Dried apple pieces,
Baby spinach,
Boletus edulis,
Bamboo fibre,
Natural peach flavouring,
Ribwort plantain,
Soft white cheese,
Hydrolysed soy protein,
Hydrolysed corn protein,
Sequestrant,
Ice,
Natural cola flavouring,
Chromium chloride,
Cassia,
Demerara sugar,
Liquid egg yolk,
Apple pulp,
Fully hydrogenated vegetable oils,
Natural dill flavouring,
Cherry juice,
Beef casing,
Tahini,
Mixed fruit,
Sheep's-milk cheese,
Apple vinegar,
Oat bran,
Natural thyme flavouring,
Rice protein,
Patagonian scallop,
Cockles,
Calcium pantothenate,
Free range chicken,
Argentine shortfin squid,
Extra mature cheddar,
Glucose-fructose,
Strong Dijon mustard,
Orange pulp,
Almond paste,
Maltose syrup,
Caribbean spiny lobster,
Almonds pieces,
Copper,
Concentrated grape juice,
White sugar,
Liver,
Amaranth flour,
Cooked beef meat,
White rice,
Natural strawberry flavouring,
Lemon zest,
Seaweed,
Acerola powder,
Lamb,
Sprouted sunflower seeds,
Smoked cured ham,
Raw ham,
Extra-fine green beans,
Red cabbage,
Morels,
Natural onion flavouring,
Raspberry flavouring,
Camomile flower,
Skimmed yogurt,
Virgin coconut oil,
Pistachio nuts,
Kvass wort concentrate,
D-pantothenate calcium,
Red apple,
Patty,
Milkcap,
Concentrated black carrot juice,
Cumin seeds,
Churned butter,
Cooked pasta,
Natural garlic flavouring,
Natural banana flavouring,
Highly fat reduced cocoa,
Casein,
Strong mustard,
Sorghum flour,
Lovage leaves,
Whipping cream,
Mung bean,
Mediterranean salt,
Taurine,
Iodised sea salt,
Hard cheese,
Hydrogenated palm kernel oil,
Roscoff onions,
20℅,*
Marshmallow,
Sheep,
Poppyseed,
Omelette,
Rice noodles,
Aspic,
Orange leaves,
Wild rocket,
Phosphate,
Wild garlic,
Natural spices,
Lemon balm,
Tagliatelle,
Veal fond,
Nettle,
Banana flavouring,
Artichoke,
Rehydrated wheat protein,
Curing salt,
Whole fresh eggs,
Extruded cereals,
Candied orange peel,
Rice bran oil,
Fish sauce,
07083-ingredients-whegrain-oats,*
Thai long grain rice,
Salted butter caramel,
Coconut water,
Pork protein,
Skimmed mild yogurt,
Crème fraîche,
Exhausted vanilla seeds,
Black radish,
Pecan nut,
Retinyl acetate,
Smoked sausage,
Red and yellow peppers,
Chicken egg yolk powder,
Roast chicken,
Wax bean,
Alaskan Pollock fillet,
Aloe vera juice,
Rye bran,
Nitrite curing salt,
Pasteurized milk yogurt,
Vinaigrette,
Pleurotus ostreatus,
Unrefined salt,
Mint leaf,
Norway lobster,
Iron fumarate,
White quinoa,
Lamb meat,
Iceberg lettuce,
Barley groats,
Cocoa bean chips,
Bourbon vanilla beans,
Ergocalciferol,
Chokeberry juice,
Elderflower,
Walnut kernel,
Giant squash,
Whole kefir,
Lemon flavouring,
Horse meat,
Round rice,
Garlic paste,
Desiccated coconut,
Bergamot orange flavouring,
Lean duck liver,
Wild rice,
Orange blossom flavouring,
Green chili pepper,
